{
    "name": "OnPremSqlServer",
    "type": "Microsoft.DataFactory/factories/linkedservices",
    "properties": {
        "annotations": [],
        "type": "SqlServer",
        "typeProperties": {
            "connectionString": "Integrated Security=False;Data Source=localhost;Initial Catalog=AdventureWorksLT2022;User ID=azuredeprj",
            "password": {
                "type": "AzureKeyVaultSecret",
                "store": {
                    "referenceName": "AzureKeyVault1",
                    "type": "LinkedServiceReference"
                },
                "secretName": "password"
            }
        },
        "connectVia": {
            "referenceName": "azureprjruntime",
            "type": "IntegrationRuntimeReference"
        }
    }
}