{
    "now": "2024-05-15T23:14:06.430Z",
    "perfNow": 105607655,
    "diagnosticCorrelation": "f1f42588-4818-48c2-9d5a-89de558b659d",
    "source": "DownloadSupportFiles",
    "environment": {
        "productName": "adf",
        "buildVersion": "1.0.042924.4",
        "environmentType": 3,
        "resourceName": "azureprjdf",
        "resourceRegion": "eastus",
        "resourceGroup": "data-engineering-projects",
        "subscriptionId": "f44577ca-e67c-4c88-8ce6-294aeca89df3",
        "sessionId": "1Ljo81i2oFpVN//90gMt1+",
        "operationId": "",
        "gitType": "live",
        "loggingKey": "07b3ee3d-c4c0-45c6-a9e5-3cbbd2bad273"
    },
    "additionalInfo": {
        "selectedResource": "copyalltables",
        "selectedResourceType": "pipeline"
    }
}