{
    "name": "trigger1",
    "properties": {
        "annotations": [],
        "runtimeState": "Started",
        "pipelines": [
            {
                "pipelineReference": {
                    "referenceName": "copyalltables",
                    "type": "PipelineReference"
                }
            }
        ],
        "type": "ScheduleTrigger",
        "typeProperties": {
            "recurrence": {
                "frequency": "Day",
                "interval": 1,
                "startTime": "2024-05-15T22:33:00",
                "timeZone": "Eastern Standard Time",
                "schedule": {
                    "minutes": [
                        45
                    ],
                    "hours": [
                        18
                    ]
                }
            }
        }
    }
}