{
    "name": "Tables_Pq",
    "properties": {
        "linkedServiceName": {
            "referenceName": "AzureDataLakeStorage1",
            "type": "LinkedServiceReference"
        },
        "parameters": {
            "SchemaName": {
                "type": "string"
            },
            "TableName": {
                "type": "string"
            }
        },
        "annotations": [],
        "type": "Parquet",
        "typeProperties": {
            "location": {
                "type": "AzureBlobFSLocation",
                "fileName": {
                    "value": "@{concat(dataset().TableName,'.parquet')}",
                    "type": "Expression"
                },
                "folderPath": {
                    "value": "@{concat(dataset().SchemaName, '/', dataset().TableName)}",
                    "type": "Expression"
                },
                "fileSystem": "bronze"
            },
            "compressionCodec": "snappy"
        },
        "schema": [
            {
                "name": "AddressID",
                "type": "INT32"
            },
            {
                "name": "AddressLine1",
                "type": "UTF8"
            },
            {
                "name": "AddressLine2",
                "type": "UTF8"
            },
            {
                "name": "City",
                "type": "UTF8"
            },
            {
                "name": "StateProvince",
                "type": "UTF8"
            },
            {
                "name": "CountryRegion",
                "type": "UTF8"
            },
            {
                "name": "PostalCode",
                "type": "UTF8"
            },
            {
                "name": "rowguid",
                "type": "UTF8"
            },
            {
                "name": "ModifiedDate",
                "type": "INT96"
            }
        ]
    },
    "type": "Microsoft.DataFactory/factories/datasets"
}